States,x,y
Andhra Pradesh,-69,-131
Arunachal Pradesh,200,139
Assam,170,98
Bihar,53,78
Chhattisgarh,-13,-5
Goa,-149,-119
Gujarat,-188,32
Haryana,-109,143
Himachal Pradesh,-91,194
Jharkhand,47,40
Karnataka,-117,-136
Kerala,-107,-212
Maharashtra,-124,-45
Madhya Pradesh,-78,28
Manipur,196,69
Meghalaya,149,79
Mizoram,179,42
Nagaland,204,95
Odisha,34,-20
Punjab,-122,172
Rajasthan,-152,94
Sikkim,100,114
Tamil Nadu,-73,-210
Tripura,160,48
Telangana,-64,-77
Uttar Pradesh,-37,102
Uttarakhand,-59,160
West Bengal,90,30
Andaman & Nicobar,172,-160
Chandigarh,-98,170
Dadra & Nagar Haveli and Daman & Diu,-193,-29
Delhi,-92,131
Jammu & Kashmir,-132,229
Ladakh,-90,247
Lakshadweep,-210,-219
Puducherry,-40,-185